기간,HS코드,품목명,수출 중량,수출 금액,수입 중량,수입 금액,무역수지
"총계","","",949102468.9,3154791232,2794789255.1,3087985102,66806130
"2020","01","살아 있는 동물",58.3,4594,1176.3,69538,-64944
"2020","02","육과 식용 설육(屑肉)",53392.4,62774,1080463.4,4966835,-4904061
"2020","03","어류ㆍ갑각류ㆍ연체동물과 그 밖의 수생(水生) 무척추동물",433618.5,1306229,1310444.5,4575459,-3269230
"2020","04","낙농품, 새의 알, 천연꿀, 다른 류로 분류되지 않은 식용인 동물성 생산품",29663.0,65557,313167.7,1093569,-1028012
"2020","05","다른 류로 분류되지 않은 동물성 생산품",38630.3,76530,68408.1,308571,-232041
"2020","06","살아 있는 수목과 그 밖의 식물, 인경(鱗莖)ㆍ뿌리와 이와 유사한 물품, 절화(切花)와 장식용 잎",3209.7,18236,73295.6,121363,-103127
"2020","07","식용의 채소ㆍ뿌리ㆍ괴경(塊莖)",106729.4,204970,1027803.2,692559,-487589
"2020","08","식용의 과실과 견과류, 감귤류ㆍ멜론의 껍질",50874.3,205323,835759.9,1666740,-1461417
"2020","09","커피ㆍ차ㆍ마테(maté)ㆍ향신료",4864.9,30052,207325.0,836019,-805967
"2020","10","곡물",55452.8,28332,16010618.6,3761206,-3732875
"2020","11","제분공업의 생산품과 맥아, 전분, 이눌린(inulin), 밀의 글루텐(gluten)",89629.1,48052,375039.4,263775,-215722
"2020","12","채유(採油)에 적합한 종자와 과실, 각종 종자와 과실, 공업용ㆍ의약용 식물, 짚과 사료용 식물",34841.8,379970,2844598.1,1551174,-1171204
"2020","13","락(lac), 검ㆍ수지ㆍ그 밖의 식물성 수액과 추출물(extract)",4908.0,108404,136260.3,302702,-194298
"2020","14","식물성 편조물(編組物)용 재료와 다른 류로 분류되지 않은 식물성 생산품",13.2,236,511282.2,91136,-90900
"2020","15","동물성ㆍ식물성ㆍ미생물성 지방과 기름 및이들의 분해생산물, 조제한 식용 지방과 동물성ㆍ식물성 왁스",109382.8,106482,1439806.5,1376397,-1269915
"2020","16","육류ㆍ어류ㆍ갑각류ㆍ연체동물이나 그 밖의 수생(水生) 무척추동물 또는 곤충의 조제품",44285.2,282396,184199.6,961115,-678719
"2020","17","당류(糖類)와 설탕과자",474169.4,331075,2545999.5,1098654,-767579
"2020","18","코코아와 그 조제품",35056.0,58325,69576.9,395796,-337471
"2020","19","곡물ㆍ고운 가루ㆍ전분ㆍ밀크의 조제품과 베이커리 제품",412184.2,1410258,279120.2,798428,611830
"2020","20","채소ㆍ과실ㆍ견과류나 식물의그 밖의 부분의 조제품",97635.4,779980,972802.5,1210406,-430426
"2020","21","각종 조제 식료품",373301.0,1245445,317659.4,2457466,-1212020
"2020","22","음료ㆍ주류ㆍ식초",867121.2,878971,1203462.6,1280674,-401704
"2020","23","식품 공업에서 생기는 잔재물과 웨이스트(waste), 조제 사료",213920.7,230144,7184176.4,2265354,-2035211
"2020","24","담배와 제조한 담배 대용물, 연소시키지 않고흡입하도록 만들어진 물품(니코틴을 함유하였는지에 상관없다), 니코틴을 함유한 그 밖의 물품으로 인체 내에 니코틴을 흡수시키도록 만들어진 것",94498.4,1042561,68396.0,408208,634353
"2020","25","소금, 황, 토석류(土石類), 석고ㆍ석회ㆍ시멘트",7776088.8,330372,11599430.2,881337,-550964
"2020","26","광(鑛)ㆍ슬래그(slag)ㆍ회(灰)",1986268.6,503588,80929315.5,15898952,-15395365
"2020","27","광물성 연료ㆍ광물유(鑛物油)와 이들의 증류물, 역청(瀝靑)물질, 광물성 왁스",64543229.7,25443847,337421464.2,86563272,-61119425
"2020","28","무기화학품, 귀금속ㆍ희토류(稀土類)금속ㆍ방사성원소ㆍ동위원소의 유기화합물이나 무기화합물",5824153.9,5277721,4102674.0,7395373,-2117652
"2020","29","유기화학품",19430565.6,15386294,8700876.1,12099005,3287288
"2020","30","의료용품",52907.6,6903416,77225.9,7996857,-1093441
"2020","31","비료",1271281.5,308653,1857259.8,557104,-248450
"2020","32","유연용ㆍ염색용 추출물(extract), 탄닌과 이들의 유도체, 염료ㆍ안료와 그 밖의 착색제, 페인트ㆍ바니시(varnish), 퍼티(putty)와 그 밖의 매스틱(mastic), 잉크",337876.6,2479268,333692.1,2478917,352
"2020","33","정유(essential oil)와 레지노이드(resinoid), 조제향료와 화장품ㆍ화장용품",392491.0,7474091,106356.7,1851106,5622984
"2020","34","비누ㆍ유기계면활성제ㆍ조제 세제ㆍ조제 윤활제ㆍ인조 왁스ㆍ조제 왁스ㆍ광택용이나 연마용 조제품ㆍ양초와 이와 유사한 물품ㆍ조형용 페이스트(paste)ㆍ치과용 왁스와 플라스터(plaster)를 기본 재료로 한 치과용 조제품",603522.6,1309531,262727.8,987750,321781
"2020","35","단백질계 물질, 변성전분, 글루(glue), 효소",62887.6,802330,202763.6,851032,-48702
"2020","36","화약류, 화공품, 성냥, 발화성 합금, 특정 가연성 조제품",3537.4,26849,3180.5,52288,-25440
"2020","37","사진용이나 영화용 재료",21650.4,1028669,39036.9,1032689,-4020
"2020","38","각종 화학공업 생산품",1215799.0,6625030,2487382.6,7775243,-1150213
"2020","39","플라스틱과 그 제품",16572434.3,31537887,2913305.0,11484477,20053411
"2020","40","고무와 그 제품",2927801.0,6470426,986319.3,2642706,3827719
"2020","41","원피(모피는 제외한다)와 가죽",34966.8,277084,109979.0,261923,15160
"2020","42","가죽제품, 마구, 여행용구ㆍ핸드백과 이와 유사한 용기, 동물 거트(gut)[누에의 거트(gut)는 제외한다]의 제품",9124.4,350008,71678.4,3244480,-2894472
"2020","43","모피ㆍ인조모피와 이들의 제품",163.2,10135,1411.0,125670,-115535
"2020","44","목재와 그 제품, 목탄",71017.3,77491,10069389.4,2946777,-2869286
"2020","45","코르크(cork)와 그 제품",37.4,490,665.9,3959,-3469
"2020","46","짚ㆍ에스파르토(esparto)나 그 밖의 조물 재료의 제품, 바구니 세공물(basketware)과 지조세공물(枝條細工物)",43.9,938,7650.5,31205,-30267
"2020","47","목재나 그 밖의 섬유질 셀룰로오스재료의 펄프, 회수한 종이ㆍ판지[웨이스트(waste)와 스크랩(scrap)]",615261.7,128322,3305545.2,1305785,-1177463
"2020","48","종이와 판지, 제지용 펄프ㆍ종이ㆍ판지의 제품",2940634.2,2506495,1341930.6,1910345,596150
"2020","49","인쇄서적ㆍ신문ㆍ회화ㆍ그 밖의 인쇄물, 수제(手製)문서ㆍ타자문서ㆍ도면",61984.1,345960,17335.7,254371,91589
"2020","50","견",121.4,17309,395.3,25510,-8201
"2020","51","양모ㆍ동물의 부드러운 털이나 거친 털ㆍ말의 털로 만든 실과 직물",2367.5,48855,12560.0,248777,-199923
"2020","52","면",54695.5,373629,332609.7,880732,-507103
"2020","53","그 밖의 식물성 방직용 섬유, 종이실(paper yarn)과 종이실로 만든 직물",2229.7,12705,23113.0,81418,-68713
"2020","54","인조필라멘트, 인조방직용 섬유재료의 스트립(strip)과 이와 유사한 것",409653.3,1982799,384236.1,850702,1132097
"2020","55","인조스테이플섬유",888095.6,1392101,209146.7,596364,795737
"2020","56","워딩(wadding)ㆍ펠트(felt)ㆍ부직포, 특수사, 끈ㆍ배의 밧줄(cordage)ㆍ로프ㆍ케이블과 이들의 제품",129444.3,701381,272034.1,1085837,-384456
"2020","57","양탄자류와 그 밖의 방직용 섬유로 만든 바닥깔개",5970.6,25413,48520.3,110715,-85302
"2020","58","특수직물, 터프트(tuft)한 직물, 레이스, 태피스트리(tapestry), 트리밍(trimming), 자수천",21672.0,231294,9372.6,73317,157978
"2020","59","침투ㆍ도포ㆍ피복하거나 적층한 방직용 섬유의 직물, 공업용인 방직용 섬유제품",139650.1,1083056,75924.4,429271,653785
"2020","60","메리야스 편물과 뜨개질 편물",273439.7,2088514,20145.7,110936,1977578
"2020","61","의류와 그 부속품(메리야스 편물이나 뜨개질 편물로 한정한다)",41827.6,765826,189041.6,3697055,-2931229
"2020","62","의류와 그 부속품(메리야스 편물이나 뜨개질편물은 제외한다)",47896.1,945375,202809.2,5387172,-4441797
"2020","63","제품으로 된 방직용 섬유의 그 밖의 물품, 세트, 사용하던 의류ㆍ방직용 섬유제품, 넝마",330253.3,1137764,296159.2,1548163,-410399
"2020","64","신발류ㆍ각반과 이와 유사한 것, 이들의 부분품",23046.4,408666,120705.8,3076928,-2668262
"2020","65","모자류와 그 부분품",3967.2,135727,7629.8,200589,-64862
"2020","66","산류(傘類)ㆍ지팡이ㆍ시트스틱(seat-stick)ㆍ채찍ㆍ승마용 채찍과 이들의 부분품",122.4,2436,17489.7,100827,-98391
"2020","67","조제 깃털ㆍ솜털과 그 제품, 조화, 사람 머리카락으로 된 제품",555.7,31606,5401.9,84272,-52666
"2020","68","돌ㆍ플라스터(plaster)ㆍ시멘트ㆍ석면ㆍ운모나 이와 유사한 재료의 제품",270701.1,827969,2950322.2,1343535,-515566
"2020","69","도자제품",39441.0,366506,1742273.6,1512486,-1145979
"2020","70","유리와 유리제품",372341.0,1979213,1287049.4,2322428,-343215
"2020","71","천연진주ㆍ양식진주ㆍ귀석ㆍ반귀석ㆍ귀금속ㆍ귀금속을 입힌 금속과 이들의 제품, 모조 신변장식용품, 주화",18674.2,5008825,51467.2,5073555,-64730
"2020","72","철강",27304087.6,19743615,17016856.5,11118858,8624757
"2020","73","철강의 제품",3395617.9,7924033,2346026.7,6136734,1787298
"2020","74","구리와 그 제품",705060.7,4826518,815763.4,5079186,-252668
"2020","75","니켈과 그 제품",14909.5,145806,57967.3,1011279,-865474
"2020","76","알루미늄과 그 제품",1223503.8,3618515,2850552.1,5754200,-2135685
"2020","78","납과 그 제품",330537.6,669202,154485.9,295873,373329
"2020","79","아연과 그 제품",626336.9,1477857,46494.7,120744,1357114
"2020","80","주석과 그 제품",1981.1,48605,14851.2,268491,-219887
"2020","81","그 밖의 비금속(卑金屬), 서멧(cermet), 이들의 제품",22914.6,232849,144039.6,937692,-704843
"2020","82","비금속(卑金屬)으로 만든 공구ㆍ도구ㆍ칼붙이ㆍ스푼ㆍ포크, 이들의 부분품",133574.7,2177809,51716.4,925003,1252806
"2020","83","비금속(卑金屬)으로 만든 각종 제품",262853.0,1356232,120061.8,801254,554978
"2020","84","원자로ㆍ보일러ㆍ기계류와 이들의 부분품",4700645.3,67867220,2177963.5,57364959,10502261
"2020","85","전기기기와 그 부분품, 녹음기ㆍ음성 재생기ㆍ텔레비전의 영상과 음성의 기록기ㆍ재생기와 이들의 부분품ㆍ부속품",2343157.2,159632111,1757850.6,94112381,65519730
"2020","86","철도용이나 궤도용 기관차ㆍ차량과 이들의 부분품, 철도용이나 궤도용 장비품과 그 부분품, 기계식(전기기계식을 포함한다) 각종 교통신호용 기기",156729.4,754107,128999.1,424406,329701
"2020","87","철도용이나 궤도용 외의 차량과 그 부분품ㆍ부속품",5872772.8,54141768,1105068.0,18203310,35938458
"2020","88","항공기와 우주선, 이들의 부분품",3524.0,1574714,2373.5,2202989,-628275
"2020","89","선박과 수상 구조물",9278012.0,18725909,3020269.6,2640984,16084925
"2020","90","광학기기ㆍ사진용 기기ㆍ영화용 기기ㆍ측정기기ㆍ검사기기ㆍ정밀기기ㆍ의료용 기기, 이들의 부분품과 부속품",316103.0,20045537,201113.0,19384444,661093
"2020","91","시계와 그 부분품",235.9,78332,3650.4,843868,-765536
"2020","92","악기와 그 부분품과 부속품",19765.6,122742,10157.4,192563,-69821
"2020","93","무기ㆍ총포탄과 이들의 부분품과 부속품",20368.8,863611,1563.3,519729,343882
"2020","94","가구, 침구ㆍ매트리스ㆍ매트리스 서포트(mattress support)ㆍ쿠션과 이와 유사한 물품, 다른 류로 분류되지 않은 조명기구, 조명용 사인ㆍ조명용 네임플레이트(name-plate)와 이와 유사한 물품, 조립식 건축물",205831.1,1419373,877550.2,3710594,-2291221
"2020","95","완구ㆍ게임용구ㆍ운동용구와 이들의 부분품과 부속품",19942.1,372225,202106.9,2369175,-1996950
"2020","96","잡품",38491.0,524940,107556.4,896458,-371518
"2020","97","예술품ㆍ수집품ㆍ골동품",94.0,77646,1298.7,291213,-213567
"2020","99","일시적 입법 ; 설치된 간이 수정에 따른 입법을 트레이드한다 ; 추가적 수입제한농업인 것의 제 22 부에 따른 확립된 것 조정 행위, 수정된 것처럼",0.0,0,21029.1,13,-13
"2021","01","살아 있는 동물",46.7,8448,1105.0,67472,-59024
"2021","02","육과 식용 설육(屑肉)",39582.6,52081,1134499.4,6056774,-6004693
"2021","03","어류ㆍ갑각류ㆍ연체동물과 그 밖의 수생(水生) 무척추동물",617332.8,1678779,1418639.7,5021571,-3342792
"2021","04","낙농품, 새의 알, 천연꿀, 다른 류로 분류되지 않은 식용인 동물성 생산품",26377.2,61410,381767.1,1366364,-1304954
"2021","05","다른 류로 분류되지 않은 동물성 생산품",32763.5,65148,52111.0,277199,-212051
"2021","06","살아 있는 수목과 그 밖의 식물, 인경(鱗莖)ㆍ뿌리와 이와 유사한 물품, 절화(切花)와 장식용 잎",2210.5,18127,84602.1,153597,-135471
"2021","07","식용의 채소ㆍ뿌리ㆍ괴경(塊莖)",99534.3,194178,1045478.3,817302,-623124
"2021","08","식용의 과실과 견과류, 감귤류ㆍ멜론의 껍질",48034.8,223889,861958.5,1888358,-1664469
"2021","09","커피ㆍ차ㆍ마테(maté)ㆍ향신료",5409.2,43627,216419.6,1027046,-983419
"2021","10","곡물",52749.6,23524,16683404.6,5023159,-4999635
"2021","11","제분공업의 생산품과 맥아, 전분, 이눌린(inulin), 밀의 글루텐(gluten)",88983.0,50491,371756.3,273040,-222549
"2021","12","채유(採油)에 적합한 종자와 과실, 각종 종자와 과실, 공업용ㆍ의약용 식물, 짚과 사료용 식물",29648.2,408383,2899161.3,1832105,-1423721
"2021","13","락(lac), 검ㆍ수지ㆍ그 밖의 식물성 수액과 추출물(extract)",5658.9,126617,127244.6,321085,-194468
"2021","14","식물성 편조물(編組物)용 재료와 다른 류로 분류되지 않은 식물성 생산품",87.8,420,355496.8,90221,-89802
"2021","15","동물성ㆍ식물성ㆍ미생물성 지방과 기름 및이들의 분해생산물, 조제한 식용 지방과 동물성ㆍ식물성 왁스",109538.6,139451,1602308.6,2243147,-2103696
"2021","16","육류ㆍ어류ㆍ갑각류ㆍ연체동물이나 그 밖의 수생(水生) 무척추동물 또는 곤충의 조제품",50332.5,340469,185837.8,990460,-649991
"2021","17","당류(糖類)와 설탕과자",413388.9,341319,2570407.8,1342242,-1000923
"2021","18","코코아와 그 조제품",33057.8,63188,73190.8,430779,-367590
"2021","19","곡물ㆍ고운 가루ㆍ전분ㆍ밀크의 조제품과 베이커리 제품",456982.3,1652797,310146.7,943256,709541
"2021","20","채소ㆍ과실ㆍ견과류나 식물의그 밖의 부분의 조제품",110872.5,913433,975246.7,1306130,-392697
"2021","21","각종 조제 식료품",399051.7,1464863,348863.8,2812168,-1347305
"2021","22","음료ㆍ주류ㆍ식초",910631.5,995863,1086708.1,1577892,-582028
"2021","23","식품 공업에서 생기는 잔재물과 웨이스트(waste), 조제 사료",288461.9,285136,7019252.7,2710825,-2425689
"2021","24","담배와 제조한 담배 대용물, 연소시키지 않고흡입하도록 만들어진 물품(니코틴을 함유하였는지에 상관없다), 니코틴을 함유한 그 밖의 물품으로 인체 내에 니코틴을 흡수시키도록 만들어진 것",91329.1,926650,58661.7,350423,576227
"2021","25","소금, 황, 토석류(土石類), 석고ㆍ석회ㆍ시멘트",7310311.8,477992,11416396.7,995677,-517686
"2021","26","광(鑛)ㆍ슬래그(slag)ㆍ회(灰)",2617665.1,1445405,85499714.3,24588155,-23142750
"2021","27","광물성 연료ㆍ광물유(鑛物油)와 이들의 증류물, 역청(瀝靑)물질, 광물성 왁스",62023374.6,40012148,349999211.1,137572591,-97560443
"2021","28","무기화학품, 귀금속ㆍ희토류(稀土類)금속ㆍ방사성원소ㆍ동위원소의 유기화합물이나 무기화합물",5413991.9,7775232,4816098.7,11024503,-3249270
"2021","29","유기화학품",19264456.0,23133348,8269010.5,15969984,7163363
"2021","30","의료용품",60377.3,8438421,81485.6,10450088,-2011667
"2021","31","비료",1564682.5,461889,1918911.4,810651,-348762
"2021","32","유연용ㆍ염색용 추출물(extract), 탄닌과 이들의 유도체, 염료ㆍ안료와 그 밖의 착색제, 페인트ㆍ바니시(varnish), 퍼티(putty)와 그 밖의 매스틱(mastic), 잉크",362533.1,3216025,370691.1,2968523,247502
"2021","33","정유(essential oil)와 레지노이드(resinoid), 조제향료와 화장품ㆍ화장용품",416197.8,9048313,105222.1,2006960,7041353
"2021","34","비누ㆍ유기계면활성제ㆍ조제 세제ㆍ조제 윤활제ㆍ인조 왁스ㆍ조제 왁스ㆍ광택용이나 연마용 조제품ㆍ양초와 이와 유사한 물품ㆍ조형용 페이스트(paste)ㆍ치과용 왁스와 플라스터(plaster)를 기본 재료로 한 치과용 조제품",660965.6,1621068,298308.1,1214738,406330
"2021","35","단백질계 물질, 변성전분, 글루(glue), 효소",71181.2,926564,217466.9,957554,-30990
"2021","36","화약류, 화공품, 성냥, 발화성 합금, 특정 가연성 조제품",2941.9,36661,3051.3,52095,-15433
"2021","37","사진용이나 영화용 재료",25227.1,1249190,43561.0,1186603,62587
"2021","38","각종 화학공업 생산품",1268463.0,7269053,2697463.0,9217111,-1948058
"2021","39","플라스틱과 그 제품",18076733.7,43194085,2977226.2,14167829,29026256
"2021","40","고무와 그 제품",3029452.5,8232600,1017823.8,3271089,4961511
"2021","41","원피(모피는 제외한다)와 가죽",38585.4,358188,119297.3,360623,-2435
"2021","42","가죽제품, 마구, 여행용구ㆍ핸드백과 이와 유사한 용기, 동물 거트(gut)[누에의 거트(gut)는 제외한다]의 제품",10957.5,412999,76201.5,3915935,-3502936
"2021","43","모피ㆍ인조모피와 이들의 제품",266.2,9906,1960.4,165942,-156036
"2021","44","목재와 그 제품, 목탄",60908.3,73780,10898106.8,3811682,-3737903
"2021","45","코르크(cork)와 그 제품",74.0,866,809.4,4877,-4010
"2021","46","짚ㆍ에스파르토(esparto)나 그 밖의 조물 재료의 제품, 바구니 세공물(basketware)과 지조세공물(枝條細工物)",46.2,1208,7744.9,32550,-31342
"2021","47","목재나 그 밖의 섬유질 셀룰로오스재료의 펄프, 회수한 종이ㆍ판지[웨이스트(waste)와 스크랩(scrap)]",513051.6,136951,3286019.9,1733948,-1596997
"2021","48","종이와 판지, 제지용 펄프ㆍ종이ㆍ판지의 제품",2715919.4,2681144,1514356.7,2225978,455166
"2021","49","인쇄서적ㆍ신문ㆍ회화ㆍ그 밖의 인쇄물, 수제(手製)문서ㆍ타자문서ㆍ도면",74190.9,428379,17487.7,317939,110440
"2021","50","견",200.8,20557,389.0,32157,-11600
"2021","51","양모ㆍ동물의 부드러운 털이나 거친 털ㆍ말의 털로 만든 실과 직물",2500.8,52658,13450.3,275189,-222530
"2021","52","면",63071.6,445482,385810.5,1269787,-824305
"2021","53","그 밖의 식물성 방직용 섬유, 종이실(paper yarn)과 종이실로 만든 직물",1195.2,13655,23191.7,88249,-74594
"2021","54","인조필라멘트, 인조방직용 섬유재료의 스트립(strip)과 이와 유사한 것",481803.1,2547965,397045.3,1079549,1468416
"2021","55","인조스테이플섬유",914885.4,1611218,206865.2,702966,908251
"2021","56","워딩(wadding)ㆍ펠트(felt)ㆍ부직포, 특수사, 끈ㆍ배의 밧줄(cordage)ㆍ로프ㆍ케이블과 이들의 제품",130410.6,727104,225145.0,817906,-90802
"2021","57","양탄자류와 그 밖의 방직용 섬유로 만든 바닥깔개",5365.5,29495,55208.3,135323,-105827
"2021","58","특수직물, 터프트(tuft)한 직물, 레이스, 태피스트리(tapestry), 트리밍(trimming), 자수천",23052.8,263255,9253.9,81261,181994
"2021","59","침투ㆍ도포ㆍ피복하거나 적층한 방직용 섬유의 직물, 공업용인 방직용 섬유제품",151832.4,1287309,78627.2,499873,787436
"2021","60","메리야스 편물과 뜨개질 편물",312269.7,2424123,29414.3,161929,2262194
"2021","61","의류와 그 부속품(메리야스 편물이나 뜨개질 편물로 한정한다)",45575.4,910897,216238.5,4382404,-3471508
"2021","62","의류와 그 부속품(메리야스 편물이나 뜨개질편물은 제외한다)",46988.9,1051635,213891.7,6151814,-5100179
"2021","63","제품으로 된 방직용 섬유의 그 밖의 물품, 세트, 사용하던 의류ㆍ방직용 섬유제품, 넝마",381332.6,835951,318013.5,1379678,-543726
"2021","64","신발류ㆍ각반과 이와 유사한 것, 이들의 부분품",25194.7,437627,126227.3,3420172,-2982545
"2021","65","모자류와 그 부분품",4392.4,180876,8595.4,255675,-74799
"2021","66","산류(傘類)ㆍ지팡이ㆍ시트스틱(seat-stick)ㆍ채찍ㆍ승마용 채찍과 이들의 부분품",97.0,2695,19959.7,122036,-119341
"2021","67","조제 깃털ㆍ솜털과 그 제품, 조화, 사람 머리카락으로 된 제품",721.7,33142,6466.2,99389,-66247
"2021","68","돌ㆍ플라스터(plaster)ㆍ시멘트ㆍ석면ㆍ운모나 이와 유사한 재료의 제품",220330.0,1068002,3069749.2,1552418,-484416
"2021","69","도자제품",38639.7,472221,1954835.0,1817429,-1345207
"2021","70","유리와 유리제품",421786.2,2196170,1442173.9,2905704,-709534
"2021","71","천연진주ㆍ양식진주ㆍ귀석ㆍ반귀석ㆍ귀금속ㆍ귀금속을 입힌 금속과 이들의 제품, 모조 신변장식용품, 주화",16747.7,5310909,64130.6,8792850,-3481942
"2021","72","철강",25719933.5,27930508,19720814.9,18494427,9436081
"2021","73","철강의 제품",3521032.6,9797999,2473362.8,7189814,2608185
"2021","74","구리와 그 제품",847519.0,7792548,943773.4,8666823,-874276
"2021","75","니켈과 그 제품",17386.2,194101,77077.6,1448975,-1254875
"2021","76","알루미늄과 그 제품",1274092.0,4817584,3123693.9,8460606,-3643022
"2021","78","납과 그 제품",304151.1,721582,180718.8,405326,316257
"2021","79","아연과 그 제품",554197.8,1693581,40215.0,131577,1562005
"2021","80","주석과 그 제품",2299.0,73493,15661.7,489410,-415917
"2021","81","그 밖의 비금속(卑金屬), 서멧(cermet), 이들의 제품",18500.9,282857,153695.4,1353366,-1070509
"2021","82","비금속(卑金屬)으로 만든 공구ㆍ도구ㆍ칼붙이ㆍ스푼ㆍ포크, 이들의 부분품",105477.2,2112253,58841.5,1091277,1020977
"2021","83","비금속(卑金屬)으로 만든 각종 제품",279009.7,1520258,139846.4,985165,535093
"2021","84","원자로ㆍ보일러ㆍ기계류와 이들의 부분품",5213839.1,75984351,2570787.1,69100411,6883940
"2021","85","전기기기와 그 부분품, 녹음기ㆍ음성 재생기ㆍ텔레비전의 영상과 음성의 기록기ㆍ재생기와 이들의 부분품ㆍ부속품",2479297.9,200777707,1886937.0,114802749,85974958
"2021","86","철도용이나 궤도용 기관차ㆍ차량과 이들의 부분품, 철도용이나 궤도용 장비품과 그 부분품, 기계식(전기기계식을 포함한다) 각종 교통신호용 기기",175664.4,1354908,147945.6,595056,759852
"2021","87","철도용이나 궤도용 외의 차량과 그 부분품ㆍ부속품",6787052.4,67013036,1149476.0,20017428,46995608
"2021","88","항공기와 우주선, 이들의 부분품",2953.4,1077482,2302.1,2160584,-1083102
"2021","89","선박과 수상 구조물",7122514.9,22015656,2925064.4,2730259,19285397
"2021","90","광학기기ㆍ사진용 기기ㆍ영화용 기기ㆍ측정기기ㆍ검사기기ㆍ정밀기기ㆍ의료용 기기, 이들의 부분품과 부속품",297833.4,22273774,213693.7,22497976,-224202
"2021","91","시계와 그 부분품",278.2,137733,4114.6,1072306,-934573
"2021","92","악기와 그 부분품과 부속품",24171.7,169459,11852.4,229162,-59704
"2021","93","무기ㆍ총포탄과 이들의 부분품과 부속품",20980.0,997452,684.3,232737,764715
"2021","94","가구, 침구ㆍ매트리스ㆍ매트리스 서포트(mattress support)ㆍ쿠션과 이와 유사한 물품, 다른 류로 분류되지 않은 조명기구, 조명용 사인ㆍ조명용 네임플레이트(name-plate)와 이와 유사한 물품, 조립식 건축물",188830.9,1425012,901769.6,4232508,-2807496
"2021","95","완구ㆍ게임용구ㆍ운동용구와 이들의 부분품과 부속품",24201.0,487625,231170.7,2969513,-2481887
"2021","96","잡품",40805.2,563983,111704.3,1002206,-438223
"2021","97","예술품ㆍ수집품ㆍ골동품",186.4,169935,1877.8,679270,-509336
"2021","99","일시적 입법 ; 설치된 간이 수정에 따른 입법을 트레이드한다 ; 추가적 수입제한농업인 것의 제 22 부에 따른 확립된 것 조정 행위, 수정된 것처럼",0.0,0,18182.6,3,-3
"2022","01","살아 있는 동물",57.1,8430,1065.6,66573,-58144
"2022","02","육과 식용 설육(屑肉)",62338.1,84965,1298350.9,7356993,-7272028
"2022","03","어류ㆍ갑각류ㆍ연체동물과 그 밖의 수생(水生) 무척추동물",731701.6,2037787,1472106.8,5648044,-3610257
"2022","04","낙농품, 새의 알, 천연꿀, 다른 류로 분류되지 않은 식용인 동물성 생산품",25643.7,66455,374970.7,1579142,-1512687
"2022","05","다른 류로 분류되지 않은 동물성 생산품",34555.2,59208,51066.8,305310,-246102
"2022","06","살아 있는 수목과 그 밖의 식물, 인경(鱗莖)ㆍ뿌리와 이와 유사한 물품, 절화(切花)와 장식용 잎",1723.7,14133,81856.6,173488,-159355
"2022","07","식용의 채소ㆍ뿌리ㆍ괴경(塊莖)",78998.5,166360,1166949.3,922851,-756491
"2022","08","식용의 과실과 견과류, 감귤류ㆍ멜론의 껍질",50397.9,214317,774109.0,1740499,-1526182
"2022","09","커피ㆍ차ㆍ마테(maté)ㆍ향신료",5429.1,41711,231109.2,1422022,-1380311
"2022","10","곡물",58242.9,21074,16821583.1,6577139,-6556064
"2022","11","제분공업의 생산품과 맥아, 전분, 이눌린(inulin), 밀의 글루텐(gluten)",74125.9,53293,414237.5,337630,-284337
"2022","12","채유(採油)에 적합한 종자와 과실, 각종 종자와 과실, 공업용ㆍ의약용 식물, 짚과 사료용 식물",29131.6,429833,3085467.9,2199036,-1769204
"2022","13","락(lac), 검ㆍ수지ㆍ그 밖의 식물성 수액과 추출물(extract)",5776.7,131602,97030.1,376573,-244971
"2022","14","식물성 편조물(編組物)용 재료와 다른 류로 분류되지 않은 식물성 생산품",212.9,485,502135.4,113261,-112777
"2022","15","동물성ㆍ식물성ㆍ미생물성 지방과 기름 및이들의 분해생산물, 조제한 식용 지방과 동물성ㆍ식물성 왁스",104096.0,158384,1524426.9,2694973,-2536589
"2022","16","육류ㆍ어류ㆍ갑각류ㆍ연체동물이나 그 밖의 수생(水生) 무척추동물 또는 곤충의 조제품",50450.0,347868,192428.4,1132384,-784516
"2022","17","당류(糖類)와 설탕과자",378881.7,363587,2572043.2,1507960,-1144372
"2022","18","코코아와 그 조제품",35331.5,67654,74357.0,445121,-377467
"2022","19","곡물ㆍ고운 가루ㆍ전분ㆍ밀크의 조제품과 베이커리 제품",477372.8,1728361,313675.3,989253,739108
"2022","20","채소ㆍ과실ㆍ견과류나 식물의그 밖의 부분의 조제품",110627.9,804959,1019013.7,1456372,-651413
"2022","21","각종 조제 식료품",388862.4,1486806,370996.6,2950226,-1463421
"2022","22","음료ㆍ주류ㆍ식초",931823.3,1067765,1171423.4,1834404,-766639
"2022","23","식품 공업에서 생기는 잔재물과 웨이스트(waste), 조제 사료",325728.7,338961,7312868.2,3191199,-2852238
"2022","24","담배와 제조한 담배 대용물, 연소시키지 않고흡입하도록 만들어진 물품(니코틴을 함유하였는지에 상관없다), 니코틴을 함유한 그 밖의 물품으로 인체 내에 니코틴을 흡수시키도록 만들어진 것",102014.7,979072,63204.9,440612,538459
"2022","25","소금, 황, 토석류(土石類), 석고ㆍ석회ㆍ시멘트",5424309.6,500157,11125697.6,1106282,-606125
"2022","26","광(鑛)ㆍ슬래그(slag)ㆍ회(灰)",1805429.0,1792951,77921897.3,21871950,-20078999
"2022","27","광물성 연료ㆍ광물유(鑛物油)와 이들의 증류물, 역청(瀝靑)물질, 광물성 왁스",66513641.6,64751329,354312237.6,218678955,-153927626
"2022","28","무기화학품, 귀금속ㆍ희토류(稀土類)금속ㆍ방사성원소ㆍ동위원소의 유기화합물이나 무기화합물",5289245.7,15643201,4487689.7,20020679,-4377478
"2022","29","유기화학품",18622316.2,24304090,7630894.6,16105114,8198976
"2022","30","의료용품",33341.8,6632071,86756.8,10995436,-4363366
"2022","31","비료",1040265.0,589482,1824952.2,1416133,-826650
"2022","32","유연용ㆍ염색용 추출물(extract), 탄닌과 이들의 유도체, 염료ㆍ안료와 그 밖의 착색제, 페인트ㆍ바니시(varnish), 퍼티(putty)와 그 밖의 매스틱(mastic), 잉크",329727.3,2622442,308921.8,2652762,-30320
"2022","33","정유(essential oil)와 레지노이드(resinoid), 조제향료와 화장품ㆍ화장용품",363266.0,7803551,109491.0,2061840,5741711
"2022","34","비누ㆍ유기계면활성제ㆍ조제 세제ㆍ조제 윤활제ㆍ인조 왁스ㆍ조제 왁스ㆍ광택용이나 연마용 조제품ㆍ양초와 이와 유사한 물품ㆍ조형용 페이스트(paste)ㆍ치과용 왁스와 플라스터(plaster)를 기본 재료로 한 치과용 조제품",616995.4,1667601,280517.7,1208846,458755
"2022","35","단백질계 물질, 변성전분, 글루(glue), 효소",69394.6,898369,235982.5,1097755,-199386
"2022","36","화약류, 화공품, 성냥, 발화성 합금, 특정 가연성 조제품",2583.1,56548,3002.4,62946,-6397
"2022","37","사진용이나 영화용 재료",22092.0,1120846,40127.4,1076325,44521
"2022","38","각종 화학공업 생산품",1224340.0,8907668,2786651.3,9560716,-653048
"2022","39","플라스틱과 그 제품",17469487.6,41158081,2729794.7,13807278,27350803
"2022","40","고무와 그 제품",2685068.4,7570232,994497.9,3193036,4377196
"2022","41","원피(모피는 제외한다)와 가죽",31918.8,387601,117006.4,376141,11461
"2022","42","가죽제품, 마구, 여행용구ㆍ핸드백과 이와 유사한 용기, 동물 거트(gut)[누에의 거트(gut)는 제외한다]의 제품",10432.6,327000,88530.8,4222483,-3895483
"2022","43","모피ㆍ인조모피와 이들의 제품",64.9,8356,1347.3,159435,-151079
"2022","44","목재와 그 제품, 목탄",52370.8,69367,10911514.1,3862758,-3793391
"2022","45","코르크(cork)와 그 제품",44.6,476,913.5,6131,-5655
"2022","46","짚ㆍ에스파르토(esparto)나 그 밖의 조물 재료의 제품, 바구니 세공물(basketware)과 지조세공물(枝條細工物)",41.6,1368,6482.9,29143,-27775
"2022","47","목재나 그 밖의 섬유질 셀룰로오스재료의 펄프, 회수한 종이ㆍ판지[웨이스트(waste)와 스크랩(scrap)]",469499.4,110321,3201573.2,2035776,-1925455
"2022","48","종이와 판지, 제지용 펄프ㆍ종이ㆍ판지의 제품",2723031.8,2958989,1331344.6,2257649,701339
"2022","49","인쇄서적ㆍ신문ㆍ회화ㆍ그 밖의 인쇄물, 수제(手製)문서ㆍ타자문서ㆍ도면",74004.3,375083,15450.6,272088,102996
"2022","50","견",279.9,27990,431.6,39176,-11186
"2022","51","양모ㆍ동물의 부드러운 털이나 거친 털ㆍ말의 털로 만든 실과 직물",2762.7,54502,13628.8,292668,-238166
"2022","52","면",45908.7,376626,303534.5,1226437,-849811
"2022","53","그 밖의 식물성 방직용 섬유, 종이실(paper yarn)과 종이실로 만든 직물",642.5,9888,18446.8,72899,-63011
"2022","54","인조필라멘트, 인조방직용 섬유재료의 스트립(strip)과 이와 유사한 것",400280.3,2507685,397925.5,1151957,1355728
"2022","55","인조스테이플섬유",794997.6,1491323,192380.0,733598,757725
"2022","56","워딩(wadding)ㆍ펠트(felt)ㆍ부직포, 특수사, 끈ㆍ배의 밧줄(cordage)ㆍ로프ㆍ케이블과 이들의 제품",125627.1,729718,215828.0,765815,-36098
"2022","57","양탄자류와 그 밖의 방직용 섬유로 만든 바닥깔개",6434.8,34226,57072.6,136397,-102171
"2022","58","특수직물, 터프트(tuft)한 직물, 레이스, 태피스트리(tapestry), 트리밍(trimming), 자수천",20691.8,240830,11215.8,91888,148942
"2022","59","침투ㆍ도포ㆍ피복하거나 적층한 방직용 섬유의 직물, 공업용인 방직용 섬유제품",132844.5,1260913,71082.5,496322,764591
"2022","60","메리야스 편물과 뜨개질 편물",278513.9,2253439,31990.0,180293,2073147
"2022","61","의류와 그 부속품(메리야스 편물이나 뜨개질 편물로 한정한다)",39123.7,915509,232958.5,5047164,-4131655
"2022","62","의류와 그 부속품(메리야스 편물이나 뜨개질편물은 제외한다)",45335.5,1046849,234239.2,7203142,-6156293
"2022","63","제품으로 된 방직용 섬유의 그 밖의 물품, 세트, 사용하던 의류ㆍ방직용 섬유제품, 넝마",340631.8,795653,312236.2,1371878,-576224
"2022","64","신발류ㆍ각반과 이와 유사한 것, 이들의 부분품",24529.6,449008,140552.4,4103486,-3654479
"2022","65","모자류와 그 부분품",4487.1,175898,10074.7,319100,-143202
"2022","66","산류(傘類)ㆍ지팡이ㆍ시트스틱(seat-stick)ㆍ채찍ㆍ승마용 채찍과 이들의 부분품",91.3,2687,19798.2,135241,-132554
"2022","67","조제 깃털ㆍ솜털과 그 제품, 조화, 사람 머리카락으로 된 제품",730.3,33449,6742.7,116480,-83031
"2022","68","돌ㆍ플라스터(plaster)ㆍ시멘트ㆍ석면ㆍ운모나 이와 유사한 재료의 제품",152334.7,1075700,3084385.3,1590090,-514390
"2022","69","도자제품",37184.1,452272,1820027.4,1906668,-1454397
"2022","70","유리와 유리제품",420359.7,2064940,1465550.5,2866669,-801729
"2022","71","천연진주ㆍ양식진주ㆍ귀석ㆍ반귀석ㆍ귀금속ㆍ귀금속을 입힌 금속과 이들의 제품, 모조 신변장식용품, 주화",11295.9,4937336,36122.0,6701831,-1764495
"2022","72","철강",23923100.6,28108456,19362312.3,18943803,9164652
"2022","73","철강의 제품",3712374.5,11787099,2477324.5,7268440,4518660
"2022","74","구리와 그 제품",749842.8,7003732,951553.1,8643383,-1639651
"2022","75","니켈과 그 제품",16334.1,298474,92945.2,1861625,-1563151
"2022","76","알루미늄과 그 제품",1282441.0,5620359,3116927.5,9753227,-4132868
"2022","78","납과 그 제품",338358.7,805400,166064.2,399735,405665
"2022","79","아연과 그 제품",589236.6,2105783,29100.4,112423,1993360
"2022","80","주석과 그 제품",2147.7,74490,14172.9,527856,-453366
"2022","81","그 밖의 비금속(卑金屬), 서멧(cermet), 이들의 제품",50603.3,318379,135705.4,1551994,-1233615
"2022","82","비금속(卑金屬)으로 만든 공구ㆍ도구ㆍ칼붙이ㆍ스푼ㆍ포크, 이들의 부분품",94263.5,2002080,55914.2,1096145,905934
"2022","83","비금속(卑金屬)으로 만든 각종 제품",266925.6,1546899,132456.2,968503,578396
"2022","84","원자로ㆍ보일러ㆍ기계류와 이들의 부분품",5050462.1,73033189,2535520.5,68423577,4609611
"2022","85","전기기기와 그 부분품, 녹음기ㆍ음성 재생기ㆍ텔레비전의 영상과 음성의 기록기ㆍ재생기와 이들의 부분품ㆍ부속품",2525099.6,210434594,1989705.1,131761151,78673443
"2022","86","철도용이나 궤도용 기관차ㆍ차량과 이들의 부분품, 철도용이나 궤도용 장비품과 그 부분품, 기계식(전기기계식을 포함한다) 각종 교통신호용 기기",155589.0,1258818,131542.0,521358,737460
"2022","87","철도용이나 궤도용 외의 차량과 그 부분품ㆍ부속품",7086612.3,75619404,1254998.4,21652065,53967339
"2022","88","항공기와 우주선, 이들의 부분품",5480.1,1668197,3975.3,2434477,-766280
"2022","89","선박과 수상 구조물",7504294.6,17137707,2306120.6,2212292,14925415
"2022","90","광학기기ㆍ사진용 기기ㆍ영화용 기기ㆍ측정기기ㆍ검사기기ㆍ정밀기기ㆍ의료용 기기, 이들의 부분품과 부속품",219096.6,18208567,202437.9,22677486,-4468919
"2022","91","시계와 그 부분품",257.5,95783,3540.0,1002201,-906418
"2022","92","악기와 그 부분품과 부속품",16184.0,149150,10513.7,233843,-84693
"2022","93","무기ㆍ총포탄과 이들의 부분품과 부속품",20316.2,1290437,1232.1,152485,1137953
"2022","94","가구, 침구ㆍ매트리스ㆍ매트리스 서포트(mattress support)ㆍ쿠션과 이와 유사한 물품, 다른 류로 분류되지 않은 조명기구, 조명용 사인ㆍ조명용 네임플레이트(name-plate)와 이와 유사한 물품, 조립식 건축물",173380.5,1390459,788165.9,3953614,-2563155
"2022","95","완구ㆍ게임용구ㆍ운동용구와 이들의 부분품과 부속품",24588.8,551505,199838.9,3097608,-2546103
"2022","96","잡품",31375.3,512480,109546.4,1031573,-519094
"2022","97","예술품ㆍ수집품ㆍ골동품",194.4,277020,1260.3,811389,-534368
"2022","99","일시적 입법 ; 설치된 간이 수정에 따른 입법을 트레이드한다 ; 추가적 수입제한농업인 것의 제 22 부에 따른 확립된 것 조정 행위, 수정된 것처럼",0.0,0,16205.5,0,0
"2023","01","살아 있는 동물",35.1,9481,1204.7,81421,-71940
"2023","02","육과 식용 설육(屑肉)",51394.8,73877,1317061.7,6631720,-6557843
"2023","03","어류ㆍ갑각류ㆍ연체동물과 그 밖의 수생(水生) 무척추동물",576226.7,1735581,1213407.2,5131305,-3395723
"2023","04","낙농품, 새의 알, 천연꿀, 다른 류로 분류되지 않은 식용인 동물성 생산품",31163.0,78713,370208.7,1590746,-1512033
"2023","05","다른 류로 분류되지 않은 동물성 생산품",32716.1,53636,50861.1,285397,-231761
"2023","06","살아 있는 수목과 그 밖의 식물, 인경(鱗莖)ㆍ뿌리와 이와 유사한 물품, 절화(切花)와 장식용 잎",1443.1,10874,86273.0,167372,-156498
"2023","07","식용의 채소ㆍ뿌리ㆍ괴경(塊莖)",68915.4,148193,1086689.2,878494,-730301
"2023","08","식용의 과실과 견과류, 감귤류ㆍ멜론의 껍질",46895.2,229966,803694.7,1741887,-1511921
"2023","09","커피ㆍ차ㆍ마테(maté)ㆍ향신료",4822.9,41722,219253.4,1227371,-1185649
"2023","10","곡물",61481.8,37550,16301088.9,5548006,-5510456
"2023","11","제분공업의 생산품과 맥아, 전분, 이눌린(inulin), 밀의 글루텐(gluten)",65442.1,49606,438714.3,408656,-359051
"2023","12","채유(採油)에 적합한 종자와 과실, 각종 종자와 과실, 공업용ㆍ의약용 식물, 짚과 사료용 식물",31378.9,526548,3024555.6,2078228,-1551679
"2023","13","락(lac), 검ㆍ수지ㆍ그 밖의 식물성 수액과 추출물(extract)",4023.5,106247,128713.4,343233,-236987
"2023","14","식물성 편조물(編組物)용 재료와 다른 류로 분류되지 않은 식물성 생산품",204.7,626,437826.1,88596,-87971
"2023","15","동물성ㆍ식물성ㆍ미생물성 지방과 기름 및이들의 분해생산물, 조제한 식용 지방과 동물성ㆍ식물성 왁스",141087.9,167923,1639144.5,2132655,-1964732
"2023","16","육류ㆍ어류ㆍ갑각류ㆍ연체동물이나 그 밖의 수생(水生) 무척추동물 또는 곤충의 조제품",50916.3,356845,196312.7,1105071,-748226
"2023","17","당류(糖類)와 설탕과자",352608.6,349265,2350638.6,1618909,-1269643
"2023","18","코코아와 그 조제품",24846.8,61801,71745.5,441482,-379681
"2023","19","곡물ㆍ고운 가루ㆍ전분ㆍ밀크의 조제품과 베이커리 제품",518004.6,1995771,313227.2,1036888,958883
"2023","20","채소ㆍ과실ㆍ견과류나 식물의그 밖의 부분의 조제품",115015.9,879110,1029670.3,1511103,-631994
"2023","21","각종 조제 식료품",405154.7,1638903,373067.2,2902505,-1263603
"2023","22","음료ㆍ주류ㆍ식초",914766.3,1097163,1108482.9,1714620,-617457
"2023","23","식품 공업에서 생기는 잔재물과 웨이스트(waste), 조제 사료",338176.5,342918,6709274.8,2742507,-2399589
"2023","24","담배와 제조한 담배 대용물, 연소시키지 않고흡입하도록 만들어진 물품(니코틴을 함유하였는지에 상관없다), 니코틴을 함유한 그 밖의 물품으로 인체 내에 니코틴을 흡수시키도록 만들어진 것",107134.3,1052594,69021.8,511861,540733
"2023","25","소금, 황, 토석류(土石類), 석고ㆍ석회ㆍ시멘트",4578885.3,303788,11235812.7,1004654,-700866
"2023","26","광(鑛)ㆍ슬래그(slag)ㆍ회(灰)",1843371.2,1762314,80202355.1,19707452,-17945139
"2023","27","광물성 연료ㆍ광물유(鑛物油)와 이들의 증류물, 역청(瀝靑)물질, 광물성 왁스",66231762.1,54042175,342538664.7,171354534,-117312359
"2023","28","무기화학품, 귀금속ㆍ희토류(稀土類)금속ㆍ방사성원소ㆍ동위원소의 유기화합물이나 무기화합물",5651379.7,16353625,4455451.2,21515739,-5162114
"2023","29","유기화학품",18228323.0,20808670,7750381.0,13572871,7235799
"2023","30","의료용품",29140.6,6203425,88694.4,9952803,-3749378
"2023","31","비료",1056925.0,439083,1591578.8,740540,-301458
"2023","32","유연용ㆍ염색용 추출물(extract), 탄닌과 이들의 유도체, 염료ㆍ안료와 그 밖의 착색제, 페인트ㆍ바니시(varnish), 퍼티(putty)와 그 밖의 매스틱(mastic), 잉크",326994.4,2673169,301692.8,2266005,407164
"2023","33","정유(essential oil)와 레지노이드(resinoid), 조제향료와 화장품ㆍ화장용품",384592.1,8246696,106600.0,2046130,6200566
"2023","34","비누ㆍ유기계면활성제ㆍ조제 세제ㆍ조제 윤활제ㆍ인조 왁스ㆍ조제 왁스ㆍ광택용이나 연마용 조제품ㆍ양초와 이와 유사한 물품ㆍ조형용 페이스트(paste)ㆍ치과용 왁스와 플라스터(plaster)를 기본 재료로 한 치과용 조제품",621440.9,1583696,267518.2,1082350,501346
"2023","35","단백질계 물질, 변성전분, 글루(glue), 효소",67830.6,936555,215833.2,988920,-52365
"2023","36","화약류, 화공품, 성냥, 발화성 합금, 특정 가연성 조제품",3116.1,48444,3628.9,54708,-6265
"2023","37","사진용이나 영화용 재료",21889.6,1016048,35645.4,958099,57949
"2023","38","각종 화학공업 생산품",1198610.2,6677146,3046537.6,8786734,-2109587
"2023","39","플라스틱과 그 제품",17090320.3,35040437,2938534.7,12710272,22330164
"2023","40","고무와 그 제품",2643539.1,7075900,889452.3,2896563,4179337
"2023","41","원피(모피는 제외한다)와 가죽",29458.4,293167,92523.3,279690,13477
"2023","42","가죽제품, 마구, 여행용구ㆍ핸드백과 이와 유사한 용기, 동물 거트(gut)[누에의 거트(gut)는 제외한다]의 제품",9442.9,411447,103961.1,4068152,-3656706
"2023","43","모피ㆍ인조모피와 이들의 제품",144.2,7770,1103.6,154668,-146898
"2023","44","목재와 그 제품, 목탄",49027.5,62549,10202640.1,3113107,-3050558
"2023","45","코르크(cork)와 그 제품",28.9,508,829.0,5078,-4570
"2023","46","짚ㆍ에스파르토(esparto)나 그 밖의 조물 재료의 제품, 바구니 세공물(basketware)과 지조세공물(枝條細工物)",37.3,1313,5407.6,27727,-26414
"2023","47","목재나 그 밖의 섬유질 셀룰로오스재료의 펄프, 회수한 종이ㆍ판지[웨이스트(waste)와 스크랩(scrap)]",641184.3,120208,2834140.5,1606990,-1486781
"2023","48","종이와 판지, 제지용 펄프ㆍ종이ㆍ판지의 제품",2705947.2,2775673,1309517.8,2193098,582575
"2023","49","인쇄서적ㆍ신문ㆍ회화ㆍ그 밖의 인쇄물, 수제(手製)문서ㆍ타자문서ㆍ도면",47646.1,462202,14500.6,271497,190704
"2023","50","견",270.8,24210,440.4,34512,-10301
"2023","51","양모ㆍ동물의 부드러운 털이나 거친 털ㆍ말의 털로 만든 실과 직물",2783.4,54303,12809.3,270771,-216469
"2023","52","면",40322.9,325290,242365.2,824754,-499464
"2023","53","그 밖의 식물성 방직용 섬유, 종이실(paper yarn)과 종이실로 만든 직물",426.7,7931,16362.0,60518,-52587
"2023","54","인조필라멘트, 인조방직용 섬유재료의 스트립(strip)과 이와 유사한 것",322532.4,2107283,439691.8,1057108,1050175
"2023","55","인조스테이플섬유",805298.9,1403840,175247.7,650636,753203
"2023","56","워딩(wadding)ㆍ펠트(felt)ㆍ부직포, 특수사, 끈ㆍ배의 밧줄(cordage)ㆍ로프ㆍ케이블과 이들의 제품",114499.3,742204,214109.9,709081,33123
"2023","57","양탄자류와 그 밖의 방직용 섬유로 만든 바닥깔개",6221.8,35064,61798.6,124870,-89805
"2023","58","특수직물, 터프트(tuft)한 직물, 레이스, 태피스트리(tapestry), 트리밍(trimming), 자수천",17240.4,204676,11567.8,85993,118683
"2023","59","침투ㆍ도포ㆍ피복하거나 적층한 방직용 섬유의 직물, 공업용인 방직용 섬유제품",111208.5,1090489,68387.1,428411,662078
"2023","60","메리야스 편물과 뜨개질 편물",226366.0,1788741,20173.3,113133,1675609
"2023","61","의류와 그 부속품(메리야스 편물이나 뜨개질 편물로 한정한다)",34777.3,901823,236563.6,4842235,-3940412
"2023","62","의류와 그 부속품(메리야스 편물이나 뜨개질편물은 제외한다)",39351.5,1036383,237048.2,7149304,-6112921
"2023","63","제품으로 된 방직용 섬유의 그 밖의 물품, 세트, 사용하던 의류ㆍ방직용 섬유제품, 넝마",319212.4,640285,297699.8,1247606,-607321
"2023","64","신발류ㆍ각반과 이와 유사한 것, 이들의 부분품",20319.3,416406,136855.9,3891515,-3475109
"2023","65","모자류와 그 부분품",3521.8,116093,10344.1,311842,-195749
"2023","66","산류(傘類)ㆍ지팡이ㆍ시트스틱(seat-stick)ㆍ채찍ㆍ승마용 채찍과 이들의 부분품",72.6,2436,20824.5,141123,-138687
"2023","67","조제 깃털ㆍ솜털과 그 제품, 조화, 사람 머리카락으로 된 제품",435.9,25356,5980.9,102909,-77554
"2023","68","돌ㆍ플라스터(plaster)ㆍ시멘트ㆍ석면ㆍ운모나 이와 유사한 재료의 제품",139220.2,981630,2905174.4,1441051,-459421
"2023","69","도자제품",37624.9,408783,1623524.8,1613297,-1204515
"2023","70","유리와 유리제품",382589.4,1895870,1269476.8,2523578,-627709
"2023","71","천연진주ㆍ양식진주ㆍ귀석ㆍ반귀석ㆍ귀금속ㆍ귀금속을 입힌 금속과 이들의 제품, 모조 신변장식용품, 주화",10818.5,4805669,49610.3,5213693,-408024
"2023","72","철강",25661345.5,25725965,19899461.5,16471724,9254240
"2023","73","철강의 제품",3571331.4,10878993,2660499.9,7336696,3542297
"2023","74","구리와 그 제품",655680.9,5680793,825519.1,7047844,-1367051
"2023","75","니켈과 그 제품",16277.7,296500,99995.6,1904441,-1607940
"2023","76","알루미늄과 그 제품",1193325.0,4518035,3014383.4,8199988,-3681953
"2023","78","납과 그 제품",352399.8,829067,143438.2,335187,493879
"2023","79","아연과 그 제품",627349.1,1762911,33786.7,106385,1656525
"2023","80","주석과 그 제품",2152.4,73851,14420.8,415529,-341678
"2023","81","그 밖의 비금속(卑金屬), 서멧(cermet), 이들의 제품",22757.4,305812,151417.3,1328448,-1022636
"2023","82","비금속(卑金屬)으로 만든 공구ㆍ도구ㆍ칼붙이ㆍ스푼ㆍ포크, 이들의 부분품",98959.3,2020189,53067.1,977905,1042284
"2023","83","비금속(卑金屬)으로 만든 각종 제품",278095.5,1540243,134350.5,903107,637136
"2023","84","원자로ㆍ보일러ㆍ기계류와 이들의 부분품",5063839.7,72756923,2446765.6,63072734,9684189
"2023","85","전기기기와 그 부분품, 녹음기ㆍ음성 재생기ㆍ텔레비전의 영상과 음성의 기록기ㆍ재생기와 이들의 부분품ㆍ부속품",2534054.6,171301418,2133299.4,119478239,51823179
"2023","86","철도용이나 궤도용 기관차ㆍ차량과 이들의 부분품, 철도용이나 궤도용 장비품과 그 부분품, 기계식(전기기계식을 포함한다) 각종 교통신호용 기기",144259.9,869951,117871.5,426026,443925
"2023","87","철도용이나 궤도용 외의 차량과 그 부분품ㆍ부속품",8209193.7,91830144,1239001.7,22134905,69695240
"2023","88","항공기와 우주선, 이들의 부분품",6500.9,2462465,6269.6,3292306,-829841
"2023","89","선박과 수상 구조물",9307700.5,20306580,1956214.2,1643657,18662922
"2023","90","광학기기ㆍ사진용 기기ㆍ영화용 기기ㆍ측정기기ㆍ검사기기ㆍ정밀기기ㆍ의료용 기기, 이들의 부분품과 부속품",204379.8,16901029,182689.2,21958896,-5057868
"2023","91","시계와 그 부분품",231.2,181478,3500.0,964620,-783142
"2023","92","악기와 그 부분품과 부속품",11067.8,113101,8961.9,213955,-100854
"2023","93","무기ㆍ총포탄과 이들의 부분품과 부속품",19337.9,1330651,2289.0,263751,1066901
"2023","94","가구, 침구ㆍ매트리스ㆍ매트리스 서포트(mattress support)ㆍ쿠션과 이와 유사한 물품, 다른 류로 분류되지 않은 조명기구, 조명용 사인ㆍ조명용 네임플레이트(name-plate)와 이와 유사한 물품, 조립식 건축물",190506.6,1363987,771144.0,3624313,-2260326
"2023","95","완구ㆍ게임용구ㆍ운동용구와 이들의 부분품과 부속품",24178.6,544211,174671.8,2709770,-2165558
"2023","96","잡품",27674.4,461856,117406.3,1044939,-583083
"2023","97","예술품ㆍ수집품ㆍ골동품",205.0,373265,1197.1,484014,-110749
"2023","99","일시적 입법 ; 설치된 간이 수정에 따른 입법을 트레이드한다 ; 추가적 수입제한농업인 것의 제 22 부에 따른 확립된 것 조정 행위, 수정된 것처럼",0.0,0,15652.5,0,0
"2024","01","살아 있는 동물",23.4,7298,1098.8,80164,-72866
"2024","02","육과 식용 설육(屑肉)",57619.1,77937,1334408.5,6770162,-6692225
"2024","03","어류ㆍ갑각류ㆍ연체동물과 그 밖의 수생(水生) 무척추동물",553537.0,1607982,1187842.0,4754849,-3146866
"2024","04","낙농품, 새의 알, 천연꿀, 다른 류로 분류되지 않은 식용인 동물성 생산품",30708.4,76712,349612.2,1356345,-1279633
"2024","05","다른 류로 분류되지 않은 동물성 생산품",20772.0,74086,48181.1,288002,-213916
"2024","06","살아 있는 수목과 그 밖의 식물, 인경(鱗莖)ㆍ뿌리와 이와 유사한 물품, 절화(切花)와 장식용 잎",872.9,7899,94343.9,173835,-165935
"2024","07","식용의 채소ㆍ뿌리ㆍ괴경(塊莖)",50125.1,122116,1038660.2,853822,-731706
"2024","08","식용의 과실과 견과류, 감귤류ㆍ멜론의 껍질",39382.3,222297,951421.8,2085041,-1862744
"2024","09","커피ㆍ차ㆍ마테(maté)ㆍ향신료",5149.1,52005,229914.1,1374072,-1322068
"2024","10","곡물",137869.9,66395,16522328.5,4765144,-4698750
"2024","11","제분공업의 생산품과 맥아, 전분, 이눌린(inulin), 밀의 글루텐(gluten)",66476.8,51601,394631.8,350441,-298840
"2024","12","채유(採油)에 적합한 종자와 과실, 각종 종자와 과실, 공업용ㆍ의약용 식물, 짚과 사료용 식물",33129.0,638390,2937599.7,1846437,-1208047
"2024","13","락(lac), 검ㆍ수지ㆍ그 밖의 식물성 수액과 추출물(extract)",4901.7,98013,99293.6,310757,-212744
"2024","14","식물성 편조물(編組物)용 재료와 다른 류로 분류되지 않은 식물성 생산품",224.8,479,182097.0,47120,-46641
"2024","15","동물성ㆍ식물성ㆍ미생물성 지방과 기름 및이들의 분해생산물, 조제한 식용 지방과 동물성ㆍ식물성 왁스",203376.4,221797,1516428.4,1979725,-1757928
"2024","16","육류ㆍ어류ㆍ갑각류ㆍ연체동물이나 그 밖의 수생(水生) 무척추동물 또는 곤충의 조제품",53088.9,330408,194198.5,1065727,-735319
"2024","17","당류(糖類)와 설탕과자",388308.5,356108,2407110.9,1613837,-1257729
"2024","18","코코아와 그 조제품",27190.7,78319,72468.1,541586,-463267
"2024","19","곡물ㆍ고운 가루ㆍ전분ㆍ밀크의 조제품과 베이커리 제품",603586.9,2425466,342852.6,1118329,1307137
"2024","20","채소ㆍ과실ㆍ견과류나 식물의그 밖의 부분의 조제품",117779.1,971047,1145563.3,1697743,-726695
"2024","21","각종 조제 식료품",420582.3,1728477,381810.2,2836055,-1107578
"2024","22","음료ㆍ주류ㆍ식초",946919.3,1158856,1055430.0,1590247,-431391
"2024","23","식품 공업에서 생기는 잔재물과 웨이스트(waste), 조제 사료",345189.5,344968,7054567.5,2649449,-2304481
"2024","24","담배와 제조한 담배 대용물, 연소시키지 않고흡입하도록 만들어진 물품(니코틴을 함유하였는지에 상관없다), 니코틴을 함유한 그 밖의 물품으로 인체 내에 니코틴을 흡수시키도록 만들어진 것",109903.7,1156793,66828.1,585498,571295
"2024","25","소금, 황, 토석류(土石類), 석고ㆍ석회ㆍ시멘트",5357852.8,322010,11092141.6,983606,-661596
"2024","26","광(鑛)ㆍ슬래그(slag)ㆍ회(灰)",1407262.5,940242,77953449.1,19199490,-18259248
"2024","27","광물성 연료ㆍ광물유(鑛物油)와 이들의 증류물, 역청(瀝靑)물질, 광물성 왁스",69548579.3,52616721,346224104.8,162096247,-109479525
"2024","28","무기화학품, 귀금속ㆍ희토류(稀土類)금속ㆍ방사성원소ㆍ동위원소의 유기화합물이나 무기화합물",5576430.7,9551633,4534305.9,12200555,-2648922
"2024","29","유기화학품",19576132.2,21861375,8206467.3,14119833,7741542
"2024","30","의료용품",32427.7,7950100,87939.3,9471990,-1521891
"2024","31","비료",1075527.7,413149,1850515.9,724864,-311715
"2024","32","유연용ㆍ염색용 추출물(extract), 탄닌과 이들의 유도체, 염료ㆍ안료와 그 밖의 착색제, 페인트ㆍ바니시(varnish), 퍼티(putty)와 그 밖의 매스틱(mastic), 잉크",355174.2,2725691,313647.9,2394708,330983
"2024","33","정유(essential oil)와 레지노이드(resinoid), 조제향료와 화장품ㆍ화장용품",444522.5,9865739,109238.4,2054969,7810770
"2024","34","비누ㆍ유기계면활성제ㆍ조제 세제ㆍ조제 윤활제ㆍ인조 왁스ㆍ조제 왁스ㆍ광택용이나 연마용 조제품ㆍ양초와 이와 유사한 물품ㆍ조형용 페이스트(paste)ㆍ치과용 왁스와 플라스터(plaster)를 기본 재료로 한 치과용 조제품",722591.2,1871414,292472.9,1130340,741073
"2024","35","단백질계 물질, 변성전분, 글루(glue), 효소",75574.4,994865,230899.1,984871,9994
"2024","36","화약류, 화공품, 성냥, 발화성 합금, 특정 가연성 조제품",2646.4,57483,3538.9,59201,-1718
"2024","37","사진용이나 영화용 재료",23354.0,1107641,36764.4,1031052,76589
"2024","38","각종 화학공업 생산품",1201568.2,7008956,2669534.2,8860858,-1851902
"2024","39","플라스틱과 그 제품",17928315.8,36232572,3145771.4,13114993,23117579
"2024","40","고무와 그 제품",2916577.8,7802464,948005.8,3069579,4732885
"2024","41","원피(모피는 제외한다)와 가죽",33781.4,306397,88360.7,246541,59856
"2024","42","가죽제품, 마구, 여행용구ㆍ핸드백과 이와 유사한 용기, 동물 거트(gut)[누에의 거트(gut)는 제외한다]의 제품",9845.2,395822,113152.0,3850426,-3454604
"2024","43","모피ㆍ인조모피와 이들의 제품",115.0,8786,765.9,125637,-116851
"2024","44","목재와 그 제품, 목탄",49897.1,68191,10361683.8,2983659,-2915468
"2024","45","코르크(cork)와 그 제품",32.5,478,725.2,4278,-3800
"2024","46","짚ㆍ에스파르토(esparto)나 그 밖의 조물 재료의 제품, 바구니 세공물(basketware)과 지조세공물(枝條細工物)",36.4,1679,5064.8,26340,-24661
"2024","47","목재나 그 밖의 섬유질 셀룰로오스재료의 펄프, 회수한 종이ㆍ판지[웨이스트(waste)와 스크랩(scrap)]",548927.3,128295,2854348.2,1610182,-1481888
"2024","48","종이와 판지, 제지용 펄프ㆍ종이ㆍ판지의 제품",2746686.7,2759354,1492503.3,2267993,491361
"2024","49","인쇄서적ㆍ신문ㆍ회화ㆍ그 밖의 인쇄물, 수제(手製)문서ㆍ타자문서ㆍ도면",43547.4,402167,14661.1,289508,112659
"2024","50","견",165.0,17792,349.1,28253,-10461
"2024","51","양모ㆍ동물의 부드러운 털이나 거친 털ㆍ말의 털로 만든 실과 직물",2652.0,51881,11281.7,224489,-172608
"2024","52","면",36023.9,303023,241450.1,786428,-483405
"2024","53","그 밖의 식물성 방직용 섬유, 종이실(paper yarn)과 종이실로 만든 직물",497.6,7250,14162.7,51487,-44237
"2024","54","인조필라멘트, 인조방직용 섬유재료의 스트립(strip)과 이와 유사한 것",308262.3,1987042,475845.9,1073088,913954
"2024","55","인조스테이플섬유",712973.6,1287057,157503.3,588594,698462
"2024","56","워딩(wadding)ㆍ펠트(felt)ㆍ부직포, 특수사, 끈ㆍ배의 밧줄(cordage)ㆍ로프ㆍ케이블과 이들의 제품",117373.4,767488,220106.8,669978,97510
"2024","57","양탄자류와 그 밖의 방직용 섬유로 만든 바닥깔개",7549.0,70799,66459.7,124401,-53602
"2024","58","특수직물, 터프트(tuft)한 직물, 레이스, 태피스트리(tapestry), 트리밍(trimming), 자수천",16378.2,200133,11216.6,85077,115056
"2024","59","침투ㆍ도포ㆍ피복하거나 적층한 방직용 섬유의 직물, 공업용인 방직용 섬유제품",113843.5,1154516,74479.3,461195,693322
"2024","60","메리야스 편물과 뜨개질 편물",217253.1,1713823,20810.4,113382,1600441
"2024","61","의류와 그 부속품(메리야스 편물이나 뜨개질 편물로 한정한다)",31180.8,815118,261334.8,5083166,-4268048
"2024","62","의류와 그 부속품(메리야스 편물이나 뜨개질편물은 제외한다)",36172.8,967300,250884.4,7285027,-6317726
"2024","63","제품으로 된 방직용 섬유의 그 밖의 물품, 세트, 사용하던 의류ㆍ방직용 섬유제품, 넝마",329205.2,644208,318898.4,1316300,-672092
"2024","64","신발류ㆍ각반과 이와 유사한 것, 이들의 부분품",15847.6,364665,136288.4,3628105,-3263441
"2024","65","모자류와 그 부분품",3297.4,106178,10626.0,301047,-194870
"2024","66","산류(傘類)ㆍ지팡이ㆍ시트스틱(seat-stick)ㆍ채찍ㆍ승마용 채찍과 이들의 부분품",100.1,3275,23531.2,155642,-152367
"2024","67","조제 깃털ㆍ솜털과 그 제품, 조화, 사람 머리카락으로 된 제품",433.2,20720,5939.5,93087,-72367
"2024","68","돌ㆍ플라스터(plaster)ㆍ시멘트ㆍ석면ㆍ운모나 이와 유사한 재료의 제품",131612.5,966763,2628697.8,1356006,-389242
"2024","69","도자제품",33630.1,372411,1656143.1,1578647,-1206235
"2024","70","유리와 유리제품",380848.2,2047756,1161226.6,2604485,-556729
"2024","71","천연진주ㆍ양식진주ㆍ귀석ㆍ반귀석ㆍ귀금속ㆍ귀금속을 입힌 금속과 이들의 제품, 모조 신변장식용품, 주화",9235.2,5441998,17667.0,6581869,-1139871
"2024","72","철강",26517767.0,24800969,17342696.5,14242515,10558454
"2024","73","철강의 제품",3579951.2,9907622,2972778.7,8164002,1743620
"2024","74","구리와 그 제품",644681.8,5764363,805830.7,7322020,-1557657
"2024","75","니켈과 그 제품",19105.9,238199,79449.3,1369146,-1130946
"2024","76","알루미늄과 그 제품",1323824.5,5025873,3093519.7,8740814,-3714941
"2024","78","납과 그 제품",320518.1,730153,169981.9,379448,350705
"2024","79","아연과 그 제품",480880.7,1382307,52580.9,165103,1217204
"2024","80","주석과 그 제품",2107.6,78277,15350.8,496733,-418456
"2024","81","그 밖의 비금속(卑金屬), 서멧(cermet), 이들의 제품",60050.0,386653,173702.3,1405306,-1018653
"2024","82","비금속(卑金屬)으로 만든 공구ㆍ도구ㆍ칼붙이ㆍ스푼ㆍ포크, 이들의 부분품",93049.7,1946574,59321.6,1018120,928454
"2024","83","비금속(卑金屬)으로 만든 각종 제품",308278.9,1715500,142417.6,954261,761240
"2024","84","원자로ㆍ보일러ㆍ기계류와 이들의 부분품",4528730.3,80448667,2495702.1,66013327,14435339
"2024","85","전기기기와 그 부분품, 녹음기ㆍ음성 재생기ㆍ텔레비전의 영상과 음성의 기록기ㆍ재생기와 이들의 부분품ㆍ부속품",2646668.8,212908544,2263574.3,123832281,89076263
"2024","86","철도용이나 궤도용 기관차ㆍ차량과 이들의 부분품, 철도용이나 궤도용 장비품과 그 부분품, 기계식(전기기계식을 포함한다) 각종 교통신호용 기기",141118.6,897344,135234.8,467009,430335
"2024","87","철도용이나 궤도용 외의 차량과 그 부분품ㆍ부속품",8256884.7,91869339,1237727.1,19828977,72040362
"2024","88","항공기와 우주선, 이들의 부분품",5282.1,1934566,5114.3,4133968,-2199403
"2024","89","선박과 수상 구조물",11111098.7,24029421,3214820.3,3151760,20877661
"2024","90","광학기기ㆍ사진용 기기ㆍ영화용 기기ㆍ측정기기ㆍ검사기기ㆍ정밀기기ㆍ의료용 기기, 이들의 부분품과 부속품",201659.4,16945815,196687.3,22789584,-5843769
"2024","91","시계와 그 부분품",203.2,152945,3612.9,1048211,-895266
"2024","92","악기와 그 부분품과 부속품",6497.1,112659,8245.8,206540,-93881
"2024","93","무기ㆍ총포탄과 이들의 부분품과 부속품",30660.9,2686602,1434.0,250171,2436431
"2024","94","가구, 침구ㆍ매트리스ㆍ매트리스 서포트(mattress support)ㆍ쿠션과 이와 유사한 물품, 다른 류로 분류되지 않은 조명기구, 조명용 사인ㆍ조명용 네임플레이트(name-plate)와 이와 유사한 물품, 조립식 건축물",188156.5,1370512,877440.0,3880948,-2510436
"2024","95","완구ㆍ게임용구ㆍ운동용구와 이들의 부분품과 부속품",24278.6,558744,174744.2,2366183,-1807439
"2024","96","잡품",27672.8,469717,127691.0,1117127,-647410
"2024","97","예술품ㆍ수집품ㆍ골동품",182.8,324174,860.0,478084,-153910
"2024","99","일시적 입법 ; 설치된 간이 수정에 따른 입법을 트레이드한다 ; 추가적 수입제한농업인 것의 제 22 부에 따른 확립된 것 조정 행위, 수정된 것처럼",0.0,0,504.8,0,0